{"stats":{"minecraft:crafted":{"minecraft:red_dye":1},"minecraft:used":{"minecraft:egg":1},"minecraft:picked_up":{"minecraft:brown_wool":2,"minecraft:wheat_seeds":2,"minecraft:porkchop":3,"minecraft:beef":1,"minecraft:poppy":1,"minecraft:sugar_cane":10,"minecraft:cornflower":1,"minecraft:mutton":7,"minecraft:white_wool":4,"minecraft:egg":1},"minecraft:mined":{"minecraft:grass":21,"minecraft:poppy":1,"minecraft:tall_grass":7,"minecraft:sugar_cane":7,"minecraft:cornflower":1},"minecraft:killed":{"minecraft:sheep":6,"minecraft:pig":1,"minecraft:cow":1},"minecraft:custom":{"minecraft:time_since_rest":9255,"minecraft:crouch_one_cm":15,"minecraft:play_one_minute":9255,"minecraft:sprint_one_cm":12578,"minecraft:walk_one_cm":12511,"minecraft:sneak_time":1,"minecraft:mob_kills":8,"minecraft:jump":179,"minecraft:damage_dealt":860,"minecraft:leave_game":2,"minecraft:walk_on_water_one_cm":118,"minecraft:time_since_death":9255,"minecraft:fall_one_cm":2926,"minecraft:fly_one_cm":25775}},"DataVersion":2586}